Player,Team,Age,Height,Weight,College,Country,Draft Year,Draft Round,Draft Number,GP,PTS,REB,AST,NetRtg,OREB%,DREB%,USG%,TS%,AST%
Aaron Brooks,CHI,31,6,161,Oregon,USA,2007,1,26,69,7.1,1.5,2.6,-1.4,2,7.8,23.1,49.4,26.5
Aaron Gordon,ORL,20,6.75,220,Arizona,USA,2014,1,4,78,9.2,6.5,1.6,-1.3,8.9,21,17.1,54.1,10.3
Aaron Harrison,CHA,21,6.5,210,Kentucky,USA,2020,3,70,21,0.9,0.7,0.1,2.2,4.7,13.3,13.8,37.1,3.3
Adreian Payne,MIN,25,6.8333,237,Michigan State,USA,2014,1,15,52,2.5,2.1,0.6,-10.8,4.9,22,18,42.2,9.3
Al Horford,ATL,30,6.8333,245,Florida,Dominican Republic,2007,1,3,82,15.2,7.3,3.2,4.9,6.2,18,20.6,56.5,16.5
Al Jefferson,CHA,31,6.8333,289,None,USA,2004,1,15,47,12,6.4,1.5,3.7,5.6,24.4,24.5,50.7,11.4
Al-Farouq Aminu,POR,25,6.75,215,Wake Forest,USA,2010,1,8,82,10.2,6.1,1.7,1.5,4.5,18.5,16.9,53.3,8.7
Alan Anderson,WAS,33,6.5,220,Michigan State,USA,2020,3,70,13,5,2.1,1.1,5.4,0.6,14.9,15.7,49.5,11.2
Alan Williams,PHX,23,6.6666,260,California-Santa Barbara,USA,2020,3,70,10,2.9,3.8,0.5,-0.2,18.4,38.7,20.1,48.1,9.6
Alec Burks,UTA,24,6.5,214,Colorado,USA,2011,1,12,31,13.3,3.5,2,-2,2.3,13.9,25.1,52,14
Alex Len,PHX,23,7.0833,260,Maryland,Ukraine,2013,1,5,78,9,7.6,1.2,-7.8,10.3,24.8,20.4,48.2,8.7
Alex Stepheson,MEM,28,6.8333,270,USC,USA,2020,3,70,8,2.8,3.5,0.3,-3.8,20.2,12.2,17,34.1,5.3
Alexis Ajinca,NOP,28,7.1666,248,None,France,2008,1,20,59,6,4.6,0.5,-3,9.4,25.7,20.6,51.4,5.9
Allen Crabbe,POR,24,6.5,210,California,USA,2013,2,31,81,10.3,2.7,1.2,0.1,1.4,9.7,16.3,57.2,7.2
Alonzo Gee,NOP,29,6.5,225,Alabama,USA,2020,3,70,73,4.5,3.4,1,-4,3.9,12.6,9.2,57.2,6.3
Amar'e Stoudemire,MIA,33,6.8333,245,None,USA,2002,1,9,52,5.8,4.3,0.5,1.8,10.1,22.9,18,59.9,5.4
Amir Johnson,BOS,29,6.75,240,None,USA,2005,2,56,79,7.3,6.4,1.7,4.6,10.4,19.4,13.7,60.2,11
Anderson Varejao,GSW,33,6.9166,273,None,Brazil,2004,2,30,53,2.6,2.7,0.7,-0.5,7.9,23,14.7,47.3,10.2
Andre Drummond,DET,22,6.9166,279,Connecticut,USA,2012,1,9,81,16.2,14.8,0.8,2,15.3,34.3,24,49.9,4.2
Andre Iguodala,GSW,32,6.5,215,Arizona,USA,2004,1,9,65,7,4,3.4,14.4,3.4,12.7,12,56.5,16.5
Andre Miller,SAS,40,6.25,200,Utah,USA,1999,1,8,39,3.7,1.3,2.2,5.1,3.6,10.1,16.2,60,27.6
Andre Roberson,OKC,24,6.5833,210,Colorado,USA,2013,1,26,70,4.8,3.6,0.7,9.4,6,11.3,9.3,56.6,3.9
Andrea Bargnani,BKN,30,7,245,None,Italy,2006,1,1,46,6.6,2.1,0.4,-15.7,4.7,13.5,23.4,50,5.1
Andrew Bogut,GSW,31,7,260,Utah,Australia,2005,1,1,70,5.4,7,2.3,14.2,9.4,25.2,11.6,62.3,14.5
Andrew Goudelock,HOU,27,6.25,200,College of Charleston,USA,2011,2,46,8,2.8,0.3,0.5,13.6,2.4,1.5,24.3,50.6,11.8
Andrew Nicholson,ORL,26,6.75,250,St. Bonaventure,Canada,2012,1,19,56,6.9,3.6,0.4,1.2,4.5,21.6,20.9,56.7,5
Andrew Wiggins,MIN,21,6.6666,199,Kansas,Canada,2014,1,1,81,20.7,3.6,2,-1,4.3,7.4,26.9,54.3,9.8
Anthony Bennett,TOR,23,6.6666,245,Nevada-Las Vegas,Canada,2013,1,1,19,1.5,1.2,0,-12.5,6.4,29.3,18.1,44.6,0
Anthony Brown,LAL,23,6.5833,210,Stanford,USA,2015,2,34,29,4,2.4,0.7,-4.3,1.5,11.6,11,42.7,4.8
Anthony Davis,NOP,23,6.8333,253,Kentucky,USA,2012,1,1,61,24.3,10.3,1.9,-4.7,6.4,26.2,29.6,55.9,10
Anthony Morrow,OKC,30,6.4166,210,Georgia Tech,USA,2020,3,70,68,5.6,0.9,0.4,4,1.3,6,17.1,54.3,3.7
Anthony Tolliver,DET,31,6.6666,240,Creighton,USA,2020,3,70,72,5.3,3.2,0.7,-0.7,3,15.9,12.6,54.3,5.8
Archie Goodwin,PHX,21,6.4166,200,Kentucky,USA,2013,1,29,57,8.9,2.5,2.1,-11,2.6,11.4,23.1,49.8,17.4
Aron Baynes,DET,29,6.8333,260,Washington State,Australia,2020,3,70,81,6.3,4.7,0.6,-4.7,12.2,22.3,18.7,56.3,7
Arron Afflalo,NYK,30,6.4166,210,UCLA,USA,2007,1,27,71,12.8,3.7,2,-3.2,1.1,10.9,18.1,53.1,9.7
Austin Rivers,LAC,23,6.3333,200,Duke,USA,2012,1,10,67,8.9,1.9,1.5,-2.1,1.6,8,19.5,52.3,11.6
Avery Bradley,BOS,25,6.1666,180,Texas,USA,2010,1,19,76,15.2,2.9,2.1,4.2,2,7.3,20,53.8,9.5
Axel Toupane,DEN,23,6.5833,210,None,France,2020,3,70,21,3.6,1.5,0.7,-2.1,3.2,8.7,12.5,49,6.8
Ben McLemore,SAC,23,6.4166,195,Kansas,USA,2013,1,7,68,7.8,2.2,1.2,-0.6,2.6,8.3,17.4,53.1,7.6
Beno Udrih,MEM,33,6.25,205,None,Slovenia,2004,1,28,44,4.7,1.6,2.6,-1.3,1.3,10.1,17.2,49.6,25.6
Bismack Biyombo,TOR,23,6.75,245,None,Democratic Republic of the Congo,2011,1,7,82,5.5,8,0.4,3.8,11.5,28.1,11.7,58.6,2.5
Blake Griffin,LAC,27,6.8333,251,Oklahoma,USA,2009,1,1,35,21.4,8.4,4.9,7.9,4.8,22.1,29.2,54.4,25.8
Boban Marjanovic,SAS,27,7.25,290,None,Serbia,2020,3,70,54,5.5,3.6,0.4,6.6,16.6,27.5,22.9,66.2,7.2
Bobby Portis,CHI,21,6.9166,230,Arkansas,USA,2015,1,22,62,7,5.4,0.8,-7.9,11.4,21,20.7,46.9,7.6
Bojan Bogdanovic,BKN,27,6.6666,216,None,Croatia,2011,2,31,79,11.2,3.2,1.3,-8.8,1.9,11.8,19.4,55,7.3
Boris Diaw,SAS,34,6.6666,250,None,France,2003,1,21,76,6.4,3.1,2.3,10.8,4.9,13.9,16.8,58.2,18.2
Bradley Beal,WAS,23,6.4166,207,Florida,USA,2012,1,3,55,17.4,3.4,2.9,-1.6,2.7,9.9,25,54.7,15.3
Brandan Wright,MEM,28,6.8333,210,North Carolina,USA,2007,1,8,12,6.9,3.6,0.5,-13.1,7.3,14.8,15.6,66.3,5
Branden Dawson,LAC,23,6.5,225,Michigan State,USA,2015,2,56,6,0.8,0.7,0,-24.6,11.1,6.7,9.2,46,0
Brandon Bass,LAL,31,6.6666,250,Louisiana State,USA,2005,2,33,66,7.2,4.3,1.1,-2.6,8.5,15.3,13.8,61.9,8.8
Brandon Jennings,ORL,26,6.0833,169,None,USA,2009,1,10,48,6.9,2,3.5,0.4,2,10.3,19.8,49.1,29.8
Brandon Knight,PHX,24,6.25,189,Kentucky,USA,2011,1,8,52,19.6,3.9,5.1,-6.8,2.1,9.9,26.3,52.2,23.4
Brandon Rush,GSW,30,6.5,220,Kansas,USA,2008,1,13,72,4.2,2.5,0.8,0.2,2.3,15.4,12.8,56,7.2
Brian Roberts,POR,30,6.0833,173,Dayton,USA,2020,3,70,51,4,0.8,1.1,-6.2,1.3,8.6,19.6,55.2,20.5
Briante Weber,MIA,23,6.1666,165,Virginia Commonwealth,USA,2020,3,70,7,4.4,3.6,3,-22.5,4,12.7,11.8,38,17.5
Brook Lopez,BKN,28,7,275,Stanford,USA,2008,1,10,73,20.6,7.8,2,-3.7,9.4,16.7,27.6,56.2,10.6
Bruno Caboclo,TOR,20,6.75,205,None,Brazil,2014,1,20,6,0.5,0.3,0.2,-2.5,2.2,2.4,16.4,12.5,3.3
Bryce Cotton,MEM,23,6.0833,165,Providence,USA,2020,3,70,8,1,0,0.4,-31,0,0,17.9,40,13.6
Bryce Dejean-Jones,NOP,23,6.5,203,Iowa State,USA,2020,3,70,14,5.6,3.4,1.1,-7,2.8,17.5,14.1,50.5,7.6
CJ McCollum,POR,24,6.3333,200,Lehigh,USA,2013,1,10,80,20.8,3.2,4.3,2,1.8,8.4,27,54.4,21.1
CJ Miles,IND,29,6.5,231,None,USA,2005,2,34,64,11.8,2.7,1,-0.5,1.9,11.2,22.5,54.7,6.9
CJ Watson,ORL,32,6.1666,175,Tennessee,USA,2020,3,70,33,4.3,2,2.7,-2.3,1.7,9.4,12,46.1,18
CJ Wilcox,LAC,25,6.4166,195,Washington,USA,2014,1,28,23,3,0.5,0.4,8.8,0.7,6.3,20,49.1,9
Cameron Bairstow,DET,25,6.75,250,New Mexico,Australia,2014,2,49,18,1.9,1.6,0.3,-7.1,3.8,23.5,19.8,39.1,9.1
Cameron Payne,OKC,21,6.25,185,Murray State,USA,2015,1,14,57,5,1.5,1.9,-2.8,1.4,12.1,20.6,49,24.1
Carl Landry,PHI,32,6.75,248,Purdue,USA,2007,2,31,36,9.8,4.1,0.9,-10.4,9,20.2,23.9,60.5,10.2
Carmelo Anthony,NYK,32,6.6666,240,Syracuse,USA,2003,1,3,72,21.8,7.7,4.2,-0.7,4.3,19.5,29.5,53,20.9
Caron Butler,SAC,36,6.5833,228,Connecticut,USA,2002,1,10,17,3.7,1.3,0.6,-12.4,2.9,11.5,16.3,49,9.9
Chandler Parsons,DAL,27,6.8333,230,Florida,USA,2011,2,38,61,13.7,4.7,2.8,1.3,1.8,15.8,20.8,58.9,15.8
Channing Frye,CLE,33,6.9166,255,Arizona,USA,2005,1,8,70,6.1,3.3,1,3.7,3.3,19.2,15.6,58.6,8.6
Charles Hayes,LAC,33,6.5,240,Kentucky,USA,2020,3,70,2,2,4,1,-2,0,28.6,11.2,69.4,13.3
Charlie Villanueva,DAL,31,6.9166,232,Connecticut,USA,2005,1,7,62,5.1,2.5,0.4,-7.9,3.6,21.3,24.4,47.3,6.3
Chase Budinger,PHX,28,6.5833,209,Arizona,USA,2009,2,44,66,4.1,2.3,1,-0.1,4.8,12.9,14.2,51.4,9.8
Chris Andersen,MEM,37,6.8333,245,Blinn,USA,2020,3,70,27,3.9,3.6,0.4,-10.7,10,19.1,10.9,59.8,4.5
Chris Bosh,MIA,32,6.9166,235,Georgia Tech,USA,2003,1,4,53,19.1,7.4,2.4,1.7,3.2,21.1,25.3,57.1,12.9
Chris Copeland,MIL,32,6.75,239,Colorado,USA,2020,3,70,24,2.1,0.4,0.5,-26.2,0.7,7.3,17.7,46.2,12
Chris Johnson,UTA,26,6.5,206,Dayton,USA,2020,3,70,70,2.9,1.9,0.6,4.6,3.7,13.4,13.7,48.2,8.2
Chris Kaman,POR,34,7,265,Central Michigan,USA,2003,1,6,16,2.8,1.5,0.7,-13.2,7.7,17,21.3,49.6,18.6
Chris McCullough,BKN,21,6.9166,200,Syracuse,USA,2015,1,29,24,4.7,2.8,0.4,-16.1,7.4,14.5,16,47,3.8
Chris Paul,LAC,31,6,175,Wake Forest,USA,2005,1,4,74,19.5,4.2,10,11.9,1.8,11.9,26.9,57.5,49.3
Christian Wood,PHI,20,6.9166,220,Nevada-Las Vegas,USA,2020,3,70,17,3.6,2.2,0.2,-13.5,8.2,19.2,18.7,49,3.5
Cleanthony Early,NYK,25,6.6666,210,Wichita State,USA,2014,2,34,17,1.8,1.5,0.4,0.4,2.8,14.6,14.8,37.1,5.8
Cliff Alexander,POR,20,6.6666,240,Kansas,USA,2020,3,70,8,1.3,0.8,0,-15.1,8.7,11.8,15.1,50,0
Clint Capela,HOU,22,6.8333,240,None,Switzerland,2014,1,25,77,7,6.4,0.6,3.1,14.1,22.5,15.9,55.3,5
Cody Zeller,CHA,23,7,240,Indiana,USA,2013,1,4,73,8.7,6.2,1,4.4,8.6,20.1,15.4,59.2,6.1
Cole Aldrich,LAC,27,6.9166,250,Kansas,USA,2010,1,11,60,5.5,4.8,0.8,1,12.2,28.4,19,62.6,10.7
Corey Brewer,HOU,30,6.75,186,Florida,USA,2007,1,7,82,7.2,2.4,1.3,-2.2,2.7,10.2,17.6,48.1,10.2
Cory Jefferson,PHX,25,6.75,218,Baylor,USA,2014,2,60,8,2.8,2,0,-10.2,12.2,19.6,20.9,44.6,0
Cory Joseph,TOR,24,6.25,190,Texas,Canada,2011,1,29,80,8.5,2.6,3.1,6.9,2.1,9.2,17,51.2,19.9
Coty Clarke,BOS,23,6.5833,225,None,USA,2020,3,70,3,2,0.3,0,24.4,0,33.3,36.3,75,0
Courtney Lee,CHA,30,6.4166,200,Western Kentucky,USA,2008,1,22,79,9.6,2.6,1.7,2.9,1.4,8.7,15,55.1,8.8
Cristiano Felicio,CHI,23,6.8333,275,None,Brazil,2020,3,70,31,3.4,3.3,0.8,5.6,10.9,25.2,13.6,60.1,11.5
D'Angelo Russell,LAL,20,6.4166,195,Ohio State,USA,2015,1,2,80,13.2,3.4,3.3,-13,2.1,11.3,24.1,50.7,21.3
D.J. Augustin,DEN,28,6,183,Texas,USA,2008,1,9,62,7.5,1.5,3.2,-1.4,0.8,8.1,18.3,57.5,25.7
Dahntay Jones,CLE,35,6.5,225,Duke,USA,2003,1,20,1,13,5,2,-6.1,2.8,11.4,15.7,46.4,6.7
Damian Lillard,POR,25,6.25,195,Weber State,USA,2012,1,6,75,25.1,4,6.8,0.9,1.8,10.5,31,56,33
Damien Inglis,MIL,21,6.6666,246,None,France,2014,2,31,20,1.8,1.6,0.5,-10,1.6,19.5,15.8,44.4,11.2
Damjan Rudez,MIN,30,6.75,230,None,Croatia,2020,3,70,33,2.3,0.6,0.3,-2.1,2.2,6.5,12.6,57.2,5.8
Danilo Gallinari,DEN,27,6.8333,225,None,Italy,2008,1,6,53,19.5,5.3,2.5,-3.5,3,14.3,22.8,58.2,12.2
Danny Green,SAS,29,6.5,215,North Carolina,USA,2009,2,46,79,7.2,3.8,1.8,12.7,2.6,13.4,14.5,49.2,9.2
Dante Cunningham,NOP,29,6.6666,230,Villanova,USA,2009,2,33,80,6.1,3,1,-6.4,3.1,10.8,11.1,54,5.6
Darrell Arthur,DEN,28,6.75,235,Kansas,USA,2008,1,27,70,7.5,4.2,1.4,-2.1,6.2,15.1,16.8,51.4,10.2
Darren Collison,SAC,28,6,175,UCLA,USA,2009,1,21,74,14,2.3,4.3,-2.4,1.4,7,19.3,59.1,21.9
Darrun Hilliard,DET,23,6.5,205,Villanova,USA,2015,2,38,38,4,1.2,0.7,-0.1,1.4,11.5,19.8,51.1,11.7
David Lee,DAL,33,6.75,245,Florida,USA,2005,1,30,55,7.8,5.5,1.5,-3,12.2,24.7,21.5,56.8,16.2
David West,SAS,35,6.75,250,Xavier,USA,2003,1,18,78,7.1,4,1.8,11.8,6.1,18.7,17.9,57.3,15
DeAndre Jordan,LAC,27,6.9166,265,Texas A&M,USA,2008,2,35,77,12.7,13.8,1.2,10.2,11.5,32.1,15.4,62.8,5.1
DeJuan Blair,WAS,27,6.5833,270,Pittsburgh,USA,2009,2,37,29,2.1,2,0.4,-11.4,9.7,20.3,17.2,41.4,7.7
DeMar DeRozan,TOR,26,6.5833,220,Southern California,USA,2009,1,9,78,23.5,4.5,4,3,2.7,11.6,29.7,55,20.8
DeMarcus Cousins,SAC,25,6.9166,270,Kentucky,USA,2010,1,5,65,26.9,11.5,3.3,0,7.8,27.4,35.2,53.8,16.7
DeMarre Carroll,TOR,29,6.6666,212,Missouri,USA,2009,1,27,26,11,4.7,1,2.7,4.3,13.4,17.9,49,5.6
Delon Wright,TOR,24,6.4166,190,Utah,USA,2015,1,20,27,3.8,1.4,1.1,5.2,4,13.6,22.6,54,22.6
Dennis Schroder,ATL,22,6.0833,172,None,Germany,2013,1,17,80,11,2.6,4.4,7.8,1.8,12.3,29.3,51,36.8
Deron Williams,DAL,32,6.25,200,Illinois,USA,2005,1,3,65,14.1,2.9,5.8,0.4,1,8.8,22.1,53,29.5
Derrick Favors,UTA,24,6.8333,265,Georgia Tech,USA,2010,1,3,62,16.4,8.1,1.5,1.1,10.2,20,23.9,55.1,8.6
Derrick Rose,CHI,27,6.25,190,Memphis,USA,2008,1,1,66,16.4,3.4,4.7,-4.2,2.3,8.6,27,47.9,25
Derrick Williams,NYK,25,6.6666,240,Arizona,USA,2011,1,2,80,9.3,3.7,0.9,-7.5,3.5,19.1,23.4,55,9.6
Devin Booker,PHX,19,6.5,206,Kentucky,USA,2015,1,13,76,13.8,2.5,2.6,-9.6,1.4,8.3,23.1,53.5,16.2
Devin Harris,DAL,33,6.25,185,Wisconsin,USA,2004,1,5,64,7.6,2.2,1.8,-1.6,1.5,10.2,17.5,55.9,14.9
Devyn Marble,ORL,23,6.5,200,Iowa,USA,2014,2,56,28,2.1,1.4,0.4,-4.2,2.3,13.4,15.5,36.8,7.2
Dewayne Dedmon,ORL,26,7,245,Southern California,USA,2020,3,70,58,4.4,3.9,0.2,-2.7,10.8,25,15.2,60.6,2.9
Dion Waiters,OKC,24,6.3333,220,Syracuse,USA,2012,1,4,78,9.8,2.6,2,3.7,1.9,8.2,17.6,49.2,10.3
Dirk Nowitzki,DAL,38,7,245,None,Germany,1998,1,9,75,18.3,6.5,1.8,3.6,2.5,20.2,25.5,55.5,9.6
Donald Sloan,BKN,28,6.25,205,Texas A&M,USA,2020,3,70,61,7,2.8,4.4,-5.1,1.5,13.1,16.5,53.6,29.3
Donatas Motiejunas,HOU,25,7,222,None,Lithuania,2011,1,20,37,6.2,2.9,1.1,4.6,7.7,14,21.7,50.4,11.6
Doug McDermott,CHI,24,6.6666,225,Creighton,USA,2014,1,11,81,9.4,2.4,0.7,-3.7,2.1,9,17.1,56.1,4.9
Draymond Green,GSW,26,6.5833,230,Michigan State,USA,2012,2,35,81,14,9.5,7.4,18.9,5.6,22.2,18.6,58.7,27.7
Drew Gooden,WAS,34,6.8333,250,Kansas,USA,2002,1,4,30,2.7,2.8,0.4,-12,9.3,23.4,17.4,37.6,6.6
Duje Dukan,SAC,24,6.75,220,Wisconsin,Croatia,2020,3,70,1,6,4,1,-18.1,6.3,8,16,30,6.7
Dwight Howard,HOU,30,6.9166,265,None,USA,2004,1,1,71,13.7,11.8,1.4,0.2,11.7,29.3,18.7,60.4,7.1
Dwight Powell,DAL,24,6.9166,240,Stanford,Canada,2014,2,45,69,5.8,4,0.6,-1,9.1,21.4,18.2,55.7,7.7
Dwyane Wade,MIA,34,6.3333,220,Marquette,USA,2003,1,5,74,19,4.1,4.6,1,4.2,10.8,31.5,51.7,26.7
E'Twaun Moore,CHI,27,6.3333,191,Purdue,USA,2011,2,55,59,7.5,2.3,1.7,-1,1.7,9.2,16,54.8,11.8
Ed Davis,POR,27,6.8333,240,North Carolina,USA,2010,1,13,81,6.5,7.4,1.1,1.4,14.2,23.9,12.8,61.6,7.8
Elfrid Payton,ORL,22,6.3333,185,Louisiana-Lafayette,USA,2014,1,10,73,10.7,3.6,6.4,-2.1,3.8,9.6,20.1,47.8,31.7
Elijah Millsap,UTA,28,6.5,225,Alabama-Birmingham,USA,2020,3,70,20,1.8,1.8,1,6.6,3.8,17.9,14.6,38.4,16.4
Elliot Williams,CHA,27,6.4166,190,Memphis,USA,2010,1,22,5,1.6,0.8,0.8,-0.6,2.6,7.9,13.7,34,14.3
Elton Brand,PHI,37,6.75,254,Duke,USA,1999,1,1,17,4.1,3.7,1.1,-5.6,3.6,24.5,17.4,46.1,14.2
Emmanuel Mudiay,DEN,20,6.4166,200,None,Democratic Republic of the Congo,2015,1,7,68,12.8,3.4,5.5,-3.7,1.7,10.7,25.3,43.7,28.1
Enes Kanter,OKC,24,6.9166,245,Kentucky,Turkey,2011,1,3,82,12.7,8.1,0.4,2.7,16.8,25.6,23.4,62.6,3.2
Eric Bledsoe,PHX,26,6.0833,190,Kentucky,USA,2010,1,18,31,20.4,4,6.1,-2.2,1.8,11.2,27.3,55.7,29.8
Eric Gordon,NOP,27,6.3333,215,Indiana,USA,2008,1,7,45,15.2,2.2,2.7,-2.6,0.8,6.7,20.5,56.5,12.9
Eric Moreland,SAC,24,6.8333,238,Oregon State,USA,2020,3,70,8,1,1.4,0.1,1.6,7.9,15.7,9.6,51.5,2.9
Erick Green,DEN,25,6.3333,185,Virginia Tech,USA,2013,2,46,9,1.4,0.7,0.3,-1.5,8.6,11.5,15.1,46.8,10.7
Ersan Ilyasova,ORL,29,6.8333,235,None,Turkey,2005,2,36,74,10.4,5.4,0.9,-4.3,7.8,16.7,18.2,52.6,5.5
Evan Fournier,ORL,23,6.5833,205,None,France,2012,1,20,79,15.4,2.8,2.7,-3.7,1.4,8.5,20.3,58.7,12.8
Evan Turner,BOS,27,6.5833,220,Ohio State,USA,2010,1,2,81,10.5,4.9,4.4,1.8,2.3,16.5,18.7,51.3,24.7
Festus Ezeli,GSW,26,6.9166,265,Vanderbilt,Nigeria,2012,1,30,46,7,5.6,0.7,14.3,14.1,22.4,18,55.9,6
Frank Kaminsky,CHA,23,7,240,Wisconsin,USA,2015,1,9,81,7.5,4.1,1.2,-0.4,4.4,17.1,17,51.3,9.5
Garrett Temple,WAS,30,6.5,195,Louisiana State,USA,2020,3,70,80,7.3,2.7,1.8,0.4,2,10.3,14.2,52,10.2
Gary Harris,DEN,21,6.3333,210,Michigan State,USA,2014,1,19,76,12.3,2.9,1.9,-5.1,2.4,7.7,16.3,56.6,9.3
Gary Neal,WAS,31,6.3333,210,Towson,USA,2020,3,70,40,9.8,2.1,1.2,-9,1.5,10.8,21.1,55.8,9.9
George Hill,IND,30,6.25,188,Indiana Purdue-Indianapolis,USA,2008,1,26,74,12.1,4,3.5,2.5,2.6,10.5,16,55.5,15.7
Gerald Green,MIA,30,6.5833,205,None,USA,2005,1,18,69,8.9,2.4,0.8,1.3,1.9,9.6,19.8,49.1,5.7
Gerald Henderson,POR,28,6.4166,215,Duke,USA,2009,1,12,72,8.7,2.9,1,1.6,2.3,13.7,20.3,52.6,8.4
Giannis Antetokounmpo,MIL,21,6.9166,222,None,Greece,2013,1,15,80,16.9,7.7,4.3,-2.6,4.7,20.2,22.3,56.6,19.5
Glenn Robinson,IND,22,6.5833,222,Michigan,USA,2014,2,40,45,3.8,1.5,0.6,-4.4,2.5,11.8,16.1,50.8,7.7
Goran Dragic,MIA,30,6.25,190,None,Slovenia,2008,2,45,72,14.1,3.8,5.8,4.1,2.6,10.1,21.5,53.7,27.6
Gordon Hayward,UTA,26,6.6666,226,Butler,USA,2010,1,9,80,19.7,5,3.7,1,2.5,13.5,25.6,55.9,18.1
Gorgui Dieng,MIN,26,6.9166,241,Louisville,Senegal,2013,1,21,82,10.1,7.1,1.7,0.8,8.6,22.2,16.9,60.1,9.9
Greg Monroe,MIL,26,6.9166,265,Georgetown,USA,2010,1,7,79,15.3,8.8,2.3,-2.7,10.9,23.9,23.4,56.2,12.8
Greg Smith,MIN,25,6.0833,250,Fresno State,USA,2020,3,70,18,2.4,2.3,0.3,-17.8,6.9,18.6,10.8,54.5,4.9
Greivis Vasquez,MIL,29,6.5,217,Maryland,Venezuela,2010,1,28,23,5.7,2,4,-8.9,1.2,10.5,18.9,43.5,32
Harrison Barnes,GSW,24,6.6666,225,North Carolina,USA,2012,1,7,66,11.7,4.9,1.8,10.5,4.3,12.7,15.9,55.9,7.7
Hassan Whiteside,MIA,27,7,265,Marshall,USA,2010,2,33,73,14.2,11.8,0.4,3,13,31.6,20.5,62.9,2.2
Henry Sims,BKN,26,6.8333,248,Georgetown,USA,2020,3,70,14,6.5,5.1,0.6,-16.8,8.4,23,17,50.4,5.4
Hollis Thompson,PHI,25,6.6666,206,Georgetown,USA,2020,3,70,77,9.8,3.5,1.3,-8.4,2.6,11.3,16.1,52.5,7.2
Ian Clark,GSW,25,6.25,175,Belmont,USA,2020,3,70,66,3.6,1,1,-5.2,2.6,10.1,20.1,54.4,17.1
Ian Mahinmi,IND,29,6.9166,250,None,France,2005,1,28,71,9.3,7.1,1.5,4.3,8.4,22.1,15.8,60.3,9
Iman Shumpert,CLE,26,6.4166,220,Georgia Tech,USA,2011,1,17,54,5.8,3.8,1.7,7.8,2.8,14.3,13.3,47.5,10
Isaiah Canaan,PHI,25,6,201,Murray State,USA,2013,2,34,77,11,2.3,1.8,-12.6,1,9,19.8,52.8,12
Isaiah Thomas,BOS,27,5.75,185,Washington,USA,2011,2,60,82,22.2,3,6.2,3.7,1.8,8,29.3,56.2,31.2
Ish Smith,PHI,27,6,175,Wake Forest,USA,2020,3,70,77,12.6,4,6.5,-7.5,2,12.7,23.8,46.5,37
J.J. O'Brien,UTA,24,6.5833,220,San Diego State,USA,2020,3,70,2,0,0.5,0,-48.1,0,25,7.7,0,0
J.R. Smith,CLE,30,6.5,225,None,USA,2004,1,18,77,12.4,2.8,1.7,6.1,2,8.4,17.8,54.2,8.2
JJ Hickson,WAS,27,6.75,242,North Carolina State,USA,2008,1,19,35,5.9,3.8,0.7,-7.4,9.5,22.6,22.2,51.4,9.1
JJ Redick,LAC,32,6.3333,190,Duke,USA,2006,1,11,75,16.3,1.9,1.4,12.1,0.5,6.5,22.4,63.2,8
JaKarr Sampson,DEN,23,6.75,214,St. John's (NY),USA,2020,3,70,73,5.1,2.6,0.6,-6.5,4.2,13.4,16.8,50.4,6.2
JaMychal Green,MEM,26,6.75,227,Alabama,USA,2020,3,70,78,7.4,4.8,0.9,-1.9,10.3,19.7,19.3,52,7.4
JaVale McGee,DAL,28,7,270,Nevada,USA,2008,1,18,34,5.1,3.9,0.1,-6.6,14.8,23.1,21.2,57.4,1.5
Jabari Parker,MIL,21,6.6666,250,Duke,USA,2014,1,2,76,14.1,5.2,1.7,-3.4,5.9,12.7,20.8,53.5,8.6
Jae Crowder,BOS,25,6.5,235,Marquette,USA,2012,2,34,73,14.2,5.1,1.8,4.5,3.1,14.1,18.4,56.5,8.7
Jahlil Okafor,PHI,20,6.9166,275,Duke,USA,2015,1,3,53,17.5,7,1.2,-16.6,8.4,17.8,27.8,53.6,8.8
Jamal Crawford,LAC,36,6.4166,195,Michigan,USA,2000,1,8,79,14.2,1.8,2.3,2.3,1,6.6,24.6,52.9,14.5
Jameer Nelson,DEN,34,6,190,Saint Joseph's,USA,2004,1,20,39,7.7,2.9,4.9,-7,1.9,10.9,16.6,46.4,28.7
James Anderson,SAC,27,6.5,213,Oklahoma State,USA,2010,1,20,51,3.5,1.7,0.8,-3.2,1.9,10.4,13.7,46.9,7.8
James Ennis,NOP,25,6.5833,210,Long Beach State,USA,2013,2,50,22,7.2,1.9,1,-6.4,7.4,7.8,20,62.1,10.4
James Harden,HOU,26,6.4166,220,Arizona State,USA,2009,1,3,82,29,6.1,7.5,1.2,2.2,15.7,32.5,59.8,35.4
James Johnson,TOR,29,6.75,250,Wake Forest,USA,2009,1,16,57,5,2.2,1.2,-0.6,3.5,12.1,16,53.2,11.3
James Jones,CLE,35,6.6666,218,Miami (FL),USA,2003,2,49,48,3.7,1,0.3,-4.8,1.8,9.9,16.3,58,5.4
James Michael McAdoo,GSW,23,6.75,240,North Carolina,USA,2020,3,70,41,2.9,1.4,0.4,-15.9,12,13.1,20.1,55.4,11
James Young,BOS,20,6.5,215,Kentucky,USA,2014,1,17,29,1,0.9,0.3,-6.1,2.1,12.9,9.5,38.4,6.3
Jared Cunningham,CLE,25,6.3333,195,Oregon State,USA,2012,1,24,44,2.7,0.9,0.5,-3.3,0.9,10.2,16.9,46.4,7.4
Jared Dudley,WAS,30,6.5833,225,Boston College,USA,2007,1,22,81,7.9,3.5,2.1,1.1,2.9,12.8,12.9,60.2,11.2
Jared Sullinger,BOS,24,6.75,260,Ohio State,USA,2012,1,21,81,10.3,8.3,2.3,4.3,10.6,27.1,21.8,47.6,14.8
Jarell Eddie,WAS,24,6.5833,218,Virginia Tech,USA,2020,3,70,26,2.4,0.9,0.2,-10.9,1.3,15,20.1,46,5.8
Jarell Martin,MEM,22,6.8333,239,Louisiana State,USA,2015,1,25,27,5.7,3.2,0.6,-5.8,10,15,18.2,53.4,6.5
Jarnell Stokes,MEM,22,6.75,263,Tennessee,USA,2014,2,35,7,1,0.6,0.1,20.3,7.1,17.6,14.1,59.5,8.3
Jarrett Jack,BKN,32,6.25,200,Georgia Tech,USA,2005,1,22,32,12.8,4.3,7.4,-5.8,0.9,13.8,21.3,50.5,34
Jason Smith,ORL,30,7,240,Colorado State,USA,2007,1,20,76,7.2,2.9,0.8,-1.9,5.1,16.3,22.4,51.3,8.7
Jason Terry,HOU,38,6.1666,185,Arizona,USA,1999,1,10,72,5.9,1.1,1.4,-0.3,1.2,5.8,15,54,12.5
Jason Thompson,TOR,29,6.9166,250,Rider,USA,2008,1,12,47,3.1,2.9,0.6,1.2,7.5,23.4,14,55.8,9.4
Jeff Ayres,LAC,29,6.75,250,Arizona State,USA,2009,2,31,17,1.8,1.3,0.3,-18.2,4.2,17,14.2,58.5,7.8
Jeff Green,LAC,29,6.75,235,Georgetown,USA,2007,1,5,80,11.7,4.2,1.7,-0.1,3.8,13.2,20.7,51,10.2
Jeff Teague,ATL,28,6.1666,186,Wake Forest,USA,2009,1,19,79,15.7,2.7,5.9,1.5,1.6,8.3,26.3,55.1,34.1
Jeff Withey,UTA,26,7,231,Kansas,USA,2013,2,39,51,4.3,3.4,0.4,4.4,10.2,20.9,15.3,57.7,5.1
Jerami Grant,PHI,22,6.6666,210,Syracuse,USA,2014,2,39,77,9.7,4.7,1.8,-9.1,5.1,13.9,18.3,50.6,10.6
Jeremy Evans,DAL,28,6.75,200,Western Kentucky,USA,2010,2,55,30,2.4,1.8,0.1,-4.5,4.7,16.7,11.6,62,1.3
Jeremy Lamb,CHA,24,6.4166,185,Connecticut,USA,2012,1,12,66,8.8,3.8,1.2,5.9,3.9,18,21.9,52.9,11.1
Jeremy Lin,CHA,27,6.25,200,Harvard,USA,2020,3,70,78,11.7,3.2,3,2.7,2.2,11.1,22,53.4,19.2
Jerian Grant,NYK,23,6.3333,195,Notre Dame,USA,2015,1,19,76,5.6,1.9,2.3,-6.4,2,10.5,18.9,47.9,23.6
Jerryd Bayless,MIL,27,6.25,200,Arizona,USA,2008,1,11,52,10.4,2.7,3.1,-4.9,1.6,9.2,16.7,56.8,16.8
Jimmer Fredette,SAS,27,6.1666,195,Brigham Young,USA,2011,1,10,6,1.5,0,0.2,-71.1,0,0,24.2,62.5,50
Jimmy Butler,CHI,26,6.5833,220,Marquette,USA,2011,1,30,67,20.9,5.3,4.8,-0.8,3.5,11.6,24.5,56.2,21.8
Joakim Noah,CHI,31,6.9166,232,Florida,USA,2007,1,9,29,4.3,8.8,3.8,-0.2,14,26.6,13.9,40.6,25.6
Jodie Meeks,DET,28,6.3333,210,Kentucky,USA,2009,2,41,3,7.3,1.7,1,12.4,2.6,10.3,24.3,50.6,14.3
Joe Harris,CLE,24,6.5,219,Virginia,USA,2014,2,33,5,0.6,0.6,0.4,-55.2,0,37.5,14.2,37.5,18.2
Joe Ingles,UTA,28,6.6666,226,None,Australia,2020,3,70,81,4.2,1.9,1.2,-2.1,1.7,12.4,13.3,57.2,12.5
Joe Johnson,MIA,35,6.5833,240,Arkansas,USA,2001,1,10,81,12.2,3.6,3.9,-1.1,2.1,10.1,18,53.8,17.2
Joe Young,IND,24,6.1666,180,Oregon,USA,2015,2,43,41,3.8,1.2,1.6,-5.1,1.7,12.3,24,42.8,26.1
Joel Anthony,DET,33,6.75,245,Nevada-Las Vegas,Canada,2020,3,70,19,0.9,1.1,0.1,-7,9.3,15.1,7.4,66.6,2
Joffrey Lauvergne,DEN,24,6.9166,220,None,France,2013,2,55,59,7.9,4.9,0.9,-9.7,8.3,23.2,19.9,56.7,9.3
John Henson,MIL,25,6.9166,229,North Carolina,USA,2012,1,14,57,7,3.9,0.9,-4.8,10.5,15.2,19.2,58,9.6
John Jenkins,PHX,25,6.3333,215,Vanderbilt,USA,2012,1,23,43,4.1,1.3,0.8,-6.6,1.7,10.2,17.4,52.2,11.1
John Wall,WAS,25,6.3333,195,Kentucky,USA,2010,1,1,77,19.9,4.9,10.2,0.7,1.7,13.8,28.4,51,44.9
Johnny O'Bryant,MIL,23,6.75,257,Louisiana State,USA,2014,2,36,66,3,2.7,0.5,-5.7,9,15,13.8,44.1,5.7
Jon Leuer,PHX,27,6.8333,228,Wisconsin,USA,2011,2,40,67,8.5,5.6,1.1,-3,6.5,25.9,19.9,55.5,9
Jonas Jerebko,BOS,29,6.8333,231,None,Sweden,2009,2,39,78,4.4,3.7,0.8,2.9,7,19.9,13.6,53.1,7.8
Jonas Valanciunas,TOR,24,7,255,None,Lithuania,2011,1,5,60,12.8,9.1,0.7,3,14.2,27.3,20.7,61,4.5
Jonathon Simmons,SAS,26,6.5,195,Houston,USA,2020,3,70,55,6,1.7,1.1,7.2,2.5,10.9,19,58.6,10.8
Jordan Adams,MEM,21,6.4166,209,UCLA,USA,2014,1,22,2,3.5,1,1.5,5.3,0,18.2,28.6,42.7,27.3
Jordan Clarkson,LAL,24,6.4166,194,Missouri,USA,2014,2,46,79,15.5,4,2.4,-13.1,3.7,9.6,22.8,51.6,13.9
Jordan Farmar,MEM,29,6.1666,180,UCLA,USA,2006,1,26,12,9.2,2.1,3.1,-13.6,1.4,9.7,18.2,52.7,19.8
Jordan Hamilton,NOP,25,6.5833,220,Texas,USA,2011,1,26,11,11.4,5.6,2.3,-11.2,4.3,19.4,20.8,49.9,12.8
Jordan Hill,IND,28,6.8333,235,Arizona,USA,2009,1,8,73,8.8,6.2,1.2,1.2,11.2,20.9,20.4,53.4,9.6
Jordan McRae,CLE,25,6.4166,179,Tennessee,USA,2014,2,58,22,4.5,0.9,1.1,10.6,2.4,8.2,25.3,54.8,21.6
Jordan Mickey,BOS,21,6.6666,235,Louisiana State,USA,2015,2,33,16,1.3,0.8,0.1,9.3,10.2,14.3,20.8,39.8,3
Jorge Gutierrez,CHA,27,6.25,189,California-Berkeley,Mexico,2020,3,70,12,1.8,0.6,1.4,11.6,0,10.3,15.5,69.4,39.5
Jose Calderon,NYK,34,6.25,200,None,Spain,2020,3,70,72,7.6,3.2,4.1,-2,1.2,10.9,12.6,57.1,21.3
Jose Juan Barea,DAL,32,6,185,Northeastern,Puerto Rico,2020,3,70,74,10.9,2.1,4.1,-1.8,1.7,8.5,23.5,53.6,30.1
Josh Huestis,OKC,24,6.5833,230,Stanford,USA,2014,1,29,5,2.8,2,0,-3.4,4.5,15.7,13.2,50.9,0
Josh McRoberts,MIA,29,6.8333,240,Duke,USA,2007,2,37,42,3.6,2.5,1.9,2,4.4,15.7,15.4,45.3,20.4
Josh Richardson,MIA,22,6.5,200,Tennessee,USA,2015,2,40,52,6.6,2.1,1.4,3.1,2.3,8.5,13.7,56.9,9.8
Josh Smith,HOU,30,6.75,225,None,USA,2004,1,17,55,6,3.5,1.6,-4.2,5.9,17.7,22.6,43.9,17.2
Jrue Holiday,NOP,26,6.3333,205,UCLA,USA,2009,1,17,65,16.8,3,6,-0.3,1.6,10.6,28.7,52.9,36.5
Julius Randle,LAL,21,6.75,250,Kentucky,USA,2014,1,7,81,11.3,10.2,1.8,-15.4,7.7,32.7,21.2,48.2,11.1
Justin Anderson,DAL,22,6.5,228,Virginia,USA,2015,1,21,55,3.8,2.4,0.5,2.2,2.9,18.8,15.5,52.2,7.1
Justin Harper,BKN,26,6.8333,225,Richmond,USA,2011,2,32,5,2.6,0.2,0,-51.9,0,3.8,17.7,59.7,0
Justin Holiday,CHI,27,6.5,185,Washington,USA,2020,3,70,53,4.5,1.7,1.1,-3.4,1.7,11.1,16.4,48.9,11.1
Justise Winslow,MIA,20,6.5833,225,Duke,USA,2015,1,10,78,6.4,5.2,1.5,3.9,4.2,15.8,12.4,48.9,7.7
Jusuf Nurkic,DEN,21,7,280,None,Boznia & Herzegovina,2014,1,16,32,8.2,5.5,1.3,-1.3,12.8,22.7,27.2,46,12.3
KJ McDaniels,HOU,23,6.5,205,Clemson,USA,2014,2,32,37,2.4,1.1,0.3,18.9,7.8,10.4,18.8,52.2,5.9
Karl-Anthony Towns,MIN,20,7,244,Kentucky,USA,2015,1,1,82,18.3,10.5,2,-2.1,10.2,27.1,24.7,59,10.8
Kawhi Leonard,SAS,25,6.5833,230,San Diego State,USA,2011,1,15,72,21.2,6.8,2.6,14.3,4.6,18.2,25.8,61.6,12.8
Keith Appling,ORL,24,6.0833,185,Michigan State,USA,2020,3,70,5,1.2,0.2,0.2,20.3,0,4.2,20.1,33.8,5.9
Kelly Olynyk,BOS,25,7,238,Gonzaga,Canada,2013,1,13,69,10,4.1,1.5,5.2,5.4,15.8,20.7,56.1,11.9
Kelly Oubre,WAS,20,6.5833,205,Kansas,USA,2015,1,15,63,3.7,2.1,0.2,-1.9,3.9,17.7,17.3,50.7,2.9
Kemba Walker,CHA,26,6.0833,184,Connecticut,USA,2011,1,9,81,20.9,4.4,5.2,4.2,2.1,11.6,26.5,55.4,25.3
Kendall Marshall,PHI,24,6.3333,200,North Carolina,USA,2012,1,13,30,3.7,0.9,2.4,-14.6,0.5,7.6,18.1,44.9,26.6
Kendrick Perkins,NOP,31,6.8333,270,None,USA,2003,1,27,37,2.5,3.5,0.8,-5.8,5.3,22.5,10.6,52.9,7.7
Kenneth Faried,DEN,26,6.6666,228,Morehead State,USA,2011,1,22,67,12.5,8.7,1.2,-4.3,15,23.2,20.7,57.7,7.7
Kent Bazemore,ATL,26,6.4166,201,Old Dominion,USA,2020,3,70,75,11.6,5.1,2.3,3.2,1.5,17.6,19.9,55.1,12.7
Kentavious Caldwell-Pope,DET,23,6.4166,205,Georgia,USA,2013,1,8,76,14.5,3.7,1.8,2,2.6,8.5,18,52.1,7.5
Kevin Durant,OKC,27,6.75,240,Texas,USA,2007,1,2,72,28.2,8.2,5,11.2,2.1,20.9,30.5,63.4,23
Kevin Garnett,MIN,40,6.9166,240,None,USA,1995,1,5,38,3.2,3.9,1.6,6.6,3.1,26.2,11.7,49.1,16.4
Kevin Love,CLE,27,6.8333,251,UCLA,USA,2008,1,5,77,16,9.9,2.4,8.4,7.1,28.7,23.5,55.3,11.9
Kevin Martin,SAS,33,6.5833,199,Western Carolina,USA,2004,1,26,55,9.3,2,1.1,-5.4,1.4,10.2,22.2,52,8.9
Kevin Seraphin,NYK,26,6.8333,278,Le Moyne,France,2010,1,17,48,3.9,2.6,1,-10.4,6.5,19.4,22.3,43.5,15.7
Kevon Looney,GSW,20,6.75,220,UCLA,USA,2015,1,30,5,1.8,2,0,-41.8,16,37.5,15.4,64.3,0
Khris Middleton,MIL,24,6.6666,234,Texas A&M,USA,2012,2,39,79,18.2,3.8,4.2,-0.1,1.8,10.3,22.9,56,18.3
Kirk Hinrich,ATL,35,6.3333,190,Kansas,USA,2003,1,7,46,3,1.5,1.6,1.5,1.4,10.7,11.7,50.4,17.3
Klay Thompson,GSW,26,6.5833,215,Washington State,USA,2011,1,11,80,22.1,3.8,2.1,15.7,1.5,10,26.4,59.7,9.4
Kobe Bryant,LAL,37,6.5,212,None,USA,1996,1,13,66,17.6,3.7,2.8,-15.8,2.3,12.3,31.9,46.9,18.3
Kosta Koufos,SAC,27,7,265,Ohio State,USA,2008,1,23,78,6.8,5.4,0.4,-7.1,12.2,19,15.5,54,3.4
Kostas Papanikolaou,DEN,25,6.6666,235,None,Greece,2012,2,48,26,2.6,1.5,0.6,-0.2,3.2,12.5,14.5,46.4,7.7
Kris Humphries,ATL,31,6.75,235,Minnesota,USA,2004,1,14,53,6.5,4.1,0.7,-5.2,7.3,21.6,19.2,51.7,6.8
Kristaps Porzingis,NYK,20,7.25,240,None,Latvia,2015,1,4,72,14.3,7.3,1.3,-0.2,7.1,20.6,24.5,51.8,7.6
Kyle Anderson,SAS,22,6.75,230,UCLA,USA,2014,1,30,78,4.5,3.1,1.6,10,2.4,20.1,14.7,52.8,14
Kyle Korver,ATL,35,6.5833,212,Creighton,USA,2003,2,51,80,9.2,3.3,2.1,6.3,0.6,10.8,13.5,57.7,9.5
Kyle Lowry,TOR,30,6,205,Villanova,USA,2006,1,24,77,21.2,4.7,6.4,6,2.3,12.4,26,57.8,29.3
Kyle O'Quinn,NYK,26,6.8333,250,Norfolk State,USA,2012,2,49,65,4.8,3.8,1.1,-4.3,11.4,23.7,21.2,52,16.1
Kyle Singler,OKC,28,6.6666,228,Duke,USA,2011,2,33,68,3.4,2.1,0.4,-0.7,5.6,9.9,11.7,48.1,3.5
Kyrie Irving,CLE,24,6.25,193,Duke,Australia,2011,1,1,53,19.6,3,4.7,5.7,3,7.8,29.3,54,25.3
LaMarcus Aldridge,SAS,30,6.9166,240,Texas,USA,2006,1,2,74,18,8.5,1.5,12,9.1,22.2,26,56.5,8.1
Lamar Patterson,ATL,24,6.4166,225,Pittsburgh,USA,2020,3,70,35,2.4,1.4,1.1,3.1,1.2,14.1,12.6,46.8,13.4
Lance Stephenson,MEM,25,6.4166,230,Cincinnati,USA,2010,2,40,69,8.3,3.2,1.9,-2.4,3.2,15.2,19.9,54.8,15.2
Lance Thomas,NYK,28,6.6666,235,Duke,USA,2020,3,70,59,8.2,2.2,0.9,-0.1,3,7.9,17.2,55.7,6.6
Langston Galloway,NYK,24,6.1666,200,Saint Joseph's,USA,2020,3,70,82,7.6,3.5,2.5,-2.9,2.3,13.1,15.5,49,16.1
Larry Nance Jr.,LAL,23,6.75,230,Wyoming,USA,2015,1,27,63,5.5,5,0.7,-5.2,8.6,18.4,12.6,54.4,5.5
Lavoy Allen,IND,27,6.75,255,Temple,USA,2011,2,50,79,5.4,5.4,1,6.9,11.4,18,13.1,53.2,7
LeBron James,CLE,31,6.6666,250,None,USA,2003,1,1,76,25.3,7.4,6.8,11,4.7,18.7,31.1,58.8,33.9
Leandro Barbosa,GSW,33,6.25,194,None,Brazil,2003,1,28,68,6.4,1.7,1.2,3.1,2.8,9,17.9,54.5,11.2
Lorenzo Brown,DET,25,6.4166,189,North Carolina State,USA,2013,2,52,8,2.5,0.9,1.4,-29.1,0,14.9,26.1,37.4,30.6
Lou Amundson,NYK,33,6.75,220,Nevada-Las Vegas,USA,2020,3,70,29,1.8,1.7,0.4,-9.7,11.5,13.7,17.5,40.1,10.7
Lou Williams,LAL,29,6.0833,175,None,USA,2005,2,45,67,15.3,2.5,2.5,-10.8,1.7,8,22.7,58.4,14.9
Luc Mbah a Moute,LAC,29,6.6666,230,UCLA,Cameroon,2008,2,37,75,3.1,2.3,0.4,11.5,5.3,9,9.7,49.8,3.2
Lucas Nogueira,TOR,23,7,220,None,Brazil,2013,1,16,29,2.2,1.6,0.2,8.1,8.7,13.6,12.5,64.2,4.4
Luis Montero,POR,23,6.5833,185,Westchester CC NY,Dominican Republic,2020,3,70,12,1.2,0.3,0.1,-58,0,11.8,26.6,33.7,6.7
Luis Scola,TOR,36,6.75,240,None,Argentina,2002,2,55,76,8.7,4.8,0.9,-2.7,6.1,19.9,19.3,52.3,6.6
Luke Babbitt,NOP,27,6.75,225,Nevada,USA,2010,1,16,47,7,3.1,1.1,-3.1,3.2,16.6,17.2,52.6,9.2
Luol Deng,MIA,31,6.75,220,Duke,Great Britain,2004,1,7,74,12.3,6,1.9,1.3,5.2,15.5,17.1,54.9,8.7
Manu Ginobili,SAS,38,6.5,205,None,Argentina,1999,2,57,58,9.6,2.5,3.1,14.9,2.8,11.5,23.1,57.3,23.4
Marc Gasol,MEM,31,7.0833,255,None,Spain,2007,2,48,52,16.6,7,3.8,-0.1,3.6,20.2,23.9,52.8,19.5
Marcelo Huertas,LAL,33,6.25,200,None,Brazil,2020,3,70,53,4.5,1.7,3.4,0.1,2.3,9.3,16.5,48.8,32.7
Marcin Gortat,WAS,32,6.9166,240,None,Poland,2005,2,57,75,13.5,9.9,1.4,0.8,10.7,25.2,18.8,59.2,7.2
Marco Belinelli,SAC,30,6.4166,210,None,Italy,2007,1,18,68,10.2,1.7,1.9,-6.4,0.6,7.1,19.9,50,11.7
Marcus Morris,DET,26,6.75,235,Kansas,USA,2011,1,14,80,14.1,5.1,2.5,1.8,3.4,12.6,18.4,53.1,10.7
Marcus Smart,BOS,22,6.3333,220,Oklahoma State,USA,2014,1,6,61,9.1,4.2,3,2.6,4.7,11.7,17.2,46.3,16.2
Marcus Thornton,WAS,29,6.3333,205,Louisiana State,USA,2009,2,43,61,9.7,2.5,1.4,-0.4,3.7,11.2,24,51.1,12.5
Mario Chalmers,MIA,30,6.1666,190,Kansas,USA,2008,2,34,61,10.3,2.6,3.8,2.9,2,11.1,21.8,56.1,27
Mario Hezonja,ORL,21,6.6666,218,None,Croatia,2015,1,5,79,6.1,2.2,1.4,-1.4,2.2,12.1,16.9,54.1,11.3
Markel Brown,BKN,24,6.25,190,Oklahoma State,USA,2014,2,44,62,5.9,2,1.5,-11.5,2.6,12,18.7,50,14.2
Markieff Morris,WAS,26,6.8333,245,Kansas,USA,2011,1,13,64,12,5.5,1.9,-4.3,4.9,19.5,24.3,48.9,12.5
Marreese Speights,GSW,28,6.8333,255,Florida,USA,2008,1,16,72,7.1,3.3,0.8,1.7,10.1,20.5,30.2,50.6,12.6
Marvin Williams,CHA,30,6.75,237,North Carolina,USA,2005,1,2,81,11.7,6.4,1.4,5.2,5.9,18.7,16.9,58.5,7.4
Mason Plumlee,POR,26,6.9166,235,Duke,USA,2013,1,22,82,9.1,7.7,2.8,1.1,10.6,22.3,17.3,56.4,16.1
Matt Barnes,MEM,36,6.5833,226,UCLA,USA,2002,2,45,76,10,5.5,2.1,-5.5,4.1,17.9,17.7,50.3,11.7
Matt Bonner,SAS,36,6.8333,235,Florida,USA,2003,2,45,30,2.5,0.9,0.3,17.5,1.9,13.3,14.6,64.7,6.1
Matthew Dellavedova,CLE,25,6.3333,198,Saint Mary's (CA),Australia,2020,3,70,76,7.5,2.1,4.4,10,2.1,7.6,15.9,52.7,26.5
Maurice Harkless,POR,23,6.75,215,St. John's (NY),USA,2012,1,15,78,6.4,3.6,0.9,1.7,7.6,13.3,15.5,54.1,6.8
Metta World Peace,LAL,36,6.5833,260,St. John's (NY),USA,1999,1,16,35,5,2.5,0.8,-6,3.3,12.5,16.5,43.5,7.8
Meyers Leonard,POR,24,7.0833,245,Illinois,USA,2012,1,11,61,8.4,5.1,1.5,1,4.2,21.3,17.6,56.1,10.3
Michael Beasley,HOU,27,6.8333,235,Kansas State,USA,2008,1,2,20,12.8,4.9,0.8,-8.4,8.4,19.8,29,56.3,8.6
Michael Carter-Williams,MIL,24,6.5,190,Syracuse,USA,2013,1,11,54,11.5,5.1,5.2,-3.3,3.3,15.4,21,49.8,26.4
Michael Kidd-Gilchrist,CHA,22,6.5833,232,Kentucky,USA,2012,1,2,7,12.7,6.4,1.3,15.2,6.5,16,17.9,60.3,6.9
Mike Conley,MEM,28,6.0833,175,Ohio State,USA,2007,1,4,56,15.3,2.9,6.1,1.6,1.7,9.3,23.1,53.8,32.4
Mike Dunleavy,CHI,35,6.75,230,Duke,USA,2002,1,3,31,7.2,2.7,1.3,-5.7,1.2,11.6,14.4,54.3,7.6
Mike Miller,DEN,36,6.6666,218,Florida,USA,2000,1,5,47,1.3,1.1,0.9,-14.2,1.6,14,9.2,50.8,15.9
Mike Muscala,ATL,24,6.9166,240,Bucknell,USA,2013,2,44,60,3.3,2,0.6,-2.2,7.5,15.7,15.8,57.6,9.9
Mike Scott,ATL,27,6.6666,237,Virginia,USA,2012,2,43,75,6.2,2.7,1,5.1,5.2,14.4,17.6,57.5,10.6
Miles Plumlee,MIL,27,6.9166,249,Duke,USA,2012,1,26,61,5.1,3.8,0.3,-4.5,12.1,17.4,15.4,60.6,3
Mirza Teletovic,PHX,30,6.75,242,None,Boznia & Herzegovina,2020,3,70,79,12.2,3.8,1.1,-5.8,3.5,16.4,23.3,57.1,8.8
Mitch McGary,OKC,24,6.8333,255,Michigan,USA,2014,1,21,20,1.3,0.9,0.2,-32.2,6.8,22.2,20.8,47.4,7.1
Mo Williams,CLE,33,6.0833,198,Alabama,USA,2003,2,47,41,8.2,1.8,2.4,-5,0.9,9.9,22.7,52.7,23.1
Monta Ellis,IND,30,6.25,185,None,USA,2005,2,40,81,13.8,3.3,4.7,2.5,1.7,9.1,21,50.4,22.2
Montrezl Harrell,HOU,22,6.6666,240,Louisville,USA,2015,2,32,39,3.6,1.7,0.4,5,7.6,10.8,14.4,63.5,6.7
Myles Turner,IND,20,6.9166,243,Texas,USA,2015,1,11,60,10.3,5.5,0.7,-1.3,5.4,20.7,21.1,53.1,5
Nate Robinson,NOP,32,5.75,180,Washington,USA,2005,1,21,2,0,0,2,-43.4,0,0,1.9,0,28.6
Nazr Mohammed,OKC,38,6.8333,250,Kentucky,USA,1998,1,29,5,1.6,0.8,0,-9.5,5.6,15.8,20.6,68,0
Nemanja Bjelica,MIN,28,6.8333,240,None,Serbia,2020,3,70,60,5.1,3.5,1.4,-5.2,5.4,17.8,12.7,59.4,11.5
Nene,WAS,33,6.9166,250,None,Brazil,2002,1,7,57,9.2,4.5,1.7,2.4,5.4,22.7,22.3,56.4,14.5
Nerlens Noel,PHI,22,6.9166,228,Kentucky,USA,2013,1,6,67,11.1,8.1,1.8,-11,8.5,22,18.9,54.4,10.7
Nick Collison,OKC,35,6.8333,255,Kansas,USA,2003,1,12,59,2.1,2.9,0.9,3.1,10.7,16.1,10.7,49.8,10.3
Nick Young,LAL,31,6.5833,210,Southern California,USA,2007,1,16,54,7.3,1.8,0.6,-10.8,1.5,9.2,18.8,48.3,5.8
Nicolas Batum,CHA,27,6.6666,200,None,France,2008,1,25,70,14.9,6.1,5.8,4.8,2.5,16.6,21.5,54.6,26.2
Nik Stauskas,PHI,22,6.5,205,Michigan,Canada,2014,1,8,73,8.5,2.5,1.9,-11.7,1.3,10.1,16.6,51.7,11.9
Nikola Jokic,DEN,21,6.8333,250,None,Serbia,2020,3,70,80,10,7,2.4,1.2,11.3,24.8,19.8,58.2,17.6
Nikola Mirotic,CHI,25,6.8333,220,None,Montenegro,2011,1,23,66,11.8,5.5,1.5,0.2,3.9,19.7,21.1,56.4,9.5
Nikola Pekovic,MIN,30,6.9166,307,None,Montenegro,2008,2,31,12,4.5,1.8,0.9,-18.3,5.3,11.8,20.8,45.9,13.1
Nikola Vucevic,ORL,25,7,260,Southern California,Montenegro,2011,1,16,65,18.2,8.9,2.8,-2.2,9.2,22.3,26.7,53.1,15.4
Noah Vonleh,POR,20,6.75,240,Indiana,USA,2014,1,9,78,3.6,3.9,0.4,-2.7,8.3,20.2,13.2,47.1,3.7
Norman Powell,TOR,23,6.3333,215,UCLA,USA,2015,2,46,49,5.6,2.3,1,4.9,2.6,14.2,17.9,54.1,10.2
Norris Cole,NOP,27,6.1666,175,Cleveland State,USA,2011,1,28,45,10.6,3.4,3.7,-5.5,0.9,13.7,21.6,46.5,21.9
O.J. Mayo,MIL,28,6.4166,210,Southern California,USA,2008,1,3,41,7.8,2.6,2.9,-1.2,1.3,9.4,16.9,47.4,15.6
Omer Asik,NOP,29,7,255,None,Turkey,2008,2,36,68,4,6.1,0.4,-9.3,10.3,28,11.5,55.1,3.2
Omri Casspi,SAC,28,6.75,225,None,Israel,2009,1,23,69,11.8,5.9,1.4,-0.2,3.4,19.6,17.7,58.7,7.4
Orlando Johnson,NOP,27,6.4166,220,California-Santa Barbara,USA,2012,2,36,7,3.7,2.1,0.3,-16.1,3.5,14.1,16.9,34.6,3.1
Otto Porter,WAS,23,6.6666,198,Georgetown,USA,2013,1,3,75,11.6,5.2,1.6,0.6,4.7,14.8,16,56.4,7.6
PJ Hairston,MEM,23,6.5,230,North Carolina,USA,2014,1,26,66,6.2,2.6,0.6,-6,2,13.6,16.4,47,4.5
PJ Tucker,PHX,31,6.5,245,Texas,USA,2006,2,35,82,8,6.2,2.2,-7.2,7,15.2,12.7,50.6,10.4
Pablo Prigioni,LAC,39,6.25,185,None,Argentina,2020,3,70,59,2.5,1.9,2.2,-2.7,5,10.3,11.2,48.2,23.5
Pat Connaughton,POR,23,6.4166,206,Notre Dame,USA,2015,2,41,34,1.1,0.9,0.3,-6.7,8,14.4,18.8,35.2,11.5
Patrick Beverley,HOU,27,6.0833,185,Arkansas,USA,2009,2,42,71,9.9,3.5,3.4,3.1,4,9.7,15.5,55.3,17.5
Patrick Patterson,TOR,27,6.75,235,Kentucky,USA,2010,1,14,79,6.9,4.3,1.2,9.3,4.6,14.6,13.1,53.4,7
Patty Mills,SAS,27,6,185,Saint Mary's (CA),Australia,2009,2,55,81,8.5,2,2.8,12.2,1.9,8.7,19.3,54.1,19.7
Pau Gasol,CHI,35,7,250,None,Spain,2001,1,3,72,16.5,11,4.1,-1.2,7.3,27.7,24.6,52.9,21.5
Paul George,IND,26,6.75,220,Fresno State,USA,2010,1,10,81,23.1,7,4.1,3.3,3.1,18.7,30.1,55.7,20.3
Paul Millsap,ATL,31,6.6666,246,Louisiana Tech,USA,2006,2,47,81,17.1,9,3.3,4,8.3,21.3,24,55.6,16.2
Paul Pierce,LAC,38,6.5833,235,Kansas,USA,1998,1,10,68,6.1,2.7,1,2.2,1.1,15.1,18,48.9,8.8
Phil Pressey,POR,25,5.9166,175,Missouri,USA,2020,3,70,23,3.3,1.3,3.3,-6.7,1.1,10.9,17.8,43.3,39.5
Quincy Acy,SAC,25,6.5833,240,Baylor,USA,2012,2,37,59,5.2,3.2,0.5,-7.6,7.9,15.4,13.1,62.9,4.5
RJ Hunter,BOS,22,6.4166,185,Georgia State,USA,2015,1,28,36,2.7,1,0.4,-3.5,0.6,13.1,15.5,48,6.8
Rajon Rondo,SAC,30,6.0833,186,Kentucky,USA,2006,1,21,72,11.9,6,11.7,-3.4,3.3,15,18.7,50.6,47.3
Rakeem Christmas,IND,24,6.75,250,Syracuse,USA,2015,2,36,1,4,1,0,-85.4,25,0,15.4,100,0
Ramon Sessions,WAS,30,6.25,190,Nevada,USA,2007,2,56,82,9.9,2.5,2.9,-1.4,1.7,12.3,22,56.5,22.8
Randy Foye,OKC,32,6.3333,213,Villanova,USA,2006,1,7,81,5.9,1.9,2,1,1.6,8.6,16,46.1,14.4
Rashad Vaughn,MIL,19,6.5,202,UNLV,USA,2015,1,17,70,3.1,1.3,0.6,-6.8,1.2,8.6,13.3,39.8,5.5
Rasual Butler,SAS,37,6.5833,215,La Salle,USA,2002,2,52,46,2.7,1.2,0.5,11.9,0.8,13,12.9,55.8,7.9
Raul Neto,UTA,24,6.0833,179,None,Brazil,2013,2,47,81,5.9,1.5,2.1,3.6,1.4,8,17.6,53,19
Ray McCallum,SAS,25,6.25,190,Detroit Mercy,USA,2013,2,36,41,3.3,1.1,1.5,3.1,1.8,9.6,16.8,44.9,18.5
Raymond Felton,DAL,32,6.0833,205,North Carolina,USA,2005,1,5,80,9.5,3.2,3.6,0.8,1.8,11.1,18.4,50.2,20.5
Reggie Bullock,DET,25,6.5833,205,North Carolina,USA,2013,1,25,37,3.3,1.8,0.7,-7.5,3.4,15.1,11.7,58.3,10
Reggie Jackson,DET,26,6.25,208,Boston College,USA,2011,1,24,79,18.8,3.2,6.2,1.6,2.5,9.2,28.8,53.5,34.4
Richard Jefferson,CLE,36,6.5833,233,Arizona,USA,2001,1,13,74,5.5,1.7,0.8,-2.3,1.3,9.6,13.6,58.5,7
Richaun Holmes,PHI,22,6.8333,245,Bowling Green,USA,2015,2,37,51,5.6,2.6,0.6,-2.5,9.9,12.1,17.5,56.4,7.3
Ricky Rubio,MIN,25,6.3333,194,None,Spain,2009,1,5,76,10.1,4.3,8.7,1.1,2,13.9,17.6,52.9,40.2
Robert Covington,PHI,25,6.75,215,Tennessee State,USA,2020,3,70,67,12.8,6.3,1.4,-7.8,3.5,21.1,21.3,54.3,8.3
Robert Sacre,LAL,27,7,270,Gonzaga,Canada,2012,2,60,25,3.5,2.9,0.6,-6.6,9.7,13.8,13.8,47.4,7.2
Robin Lopez,NYK,28,7,255,Stanford,USA,2008,1,15,82,10.3,7.3,1.4,-1.5,13.2,16.1,17.6,57.4,8.3
Rodney Hood,UTA,23,6.6666,206,Duke,USA,2014,1,23,79,14.5,3.4,2.7,2,1.8,10.7,21.8,54.2,14.2
Rodney Stuckey,IND,30,6.4166,205,Eastern Washington,USA,2007,1,15,58,8.9,2.7,2.4,0.8,1.7,11.6,20.7,50.4,17.9
Rondae Hollis-Jefferson,BKN,21,6.5833,220,Arizona,USA,2015,1,23,29,5.8,5.3,1.5,-2.9,6.7,19.9,13.2,51.9,10
Ronnie Price,PHX,33,6.1666,190,Utah Valley,USA,2020,3,70,62,5.3,1.6,2.4,-3.2,2.1,6.8,13.7,51.7,18.7
Roy Hibbert,LAL,29,7.1666,270,Georgetown,USA,2008,1,17,81,5.9,4.9,1.2,-18,7.1,15.4,13,50.7,8.2
Rudy Gay,SAC,29,6.6666,230,Connecticut,USA,2006,1,8,70,17.2,6.5,1.7,-2.1,4.7,16,22.5,53.8,7.8
Rudy Gobert,UTA,24,7.0833,245,None,France,2013,1,27,61,9.1,11,1.5,4.3,13,27.3,14.3,58.2,7.3
Russ Smith,MEM,25,6,165,Louisville,USA,2014,2,47,15,1.5,0.6,0.7,-23.3,1.7,14.3,23.9,41.5,31.4
Russell Westbrook,OKC,27,6.25,200,UCLA,USA,2008,1,4,80,23.5,7.8,10.4,10.8,6.1,17.8,31.3,55.4,46.8
Ryan Anderson,NOP,28,6.8333,240,California,USA,2008,1,21,66,17,6,1.1,-1.2,6.9,15.3,24.2,54.6,5.9
Ryan Hollins,MEM,31,7,240,UCLA,USA,2006,2,50,37,3.4,2.6,0.3,-17.3,10.8,14.3,11.7,63.6,3.4
Ryan Kelly,LAL,25,6.9166,230,Duke,USA,2013,2,48,36,4.2,3.4,0.6,-0.9,4.6,22.9,17.6,44,7
Salah Mejri,DAL,30,7.1666,245,None,Tunisia,2020,3,70,34,3.7,3.6,0.3,6.3,11.4,21.1,14.1,63.6,3.8
Sam Dekker,HOU,22,6.75,230,Wisconsin,USA,2015,1,18,3,0,0.3,0,2.8,0,20,0,0,0
Sasha Kaun,CLE,31,6.9166,260,Kansas,Russia,2008,2,56,25,0.9,1,0.1,-3.2,14.3,15.4,13.4,52.7,5.2
Sasha Vujacic,NYK,32,6.5833,195,None,Slovenia,2004,1,27,61,4.9,2.4,1.4,-1.9,3,15.1,16.4,50.3,14.6
Sean Kilpatrick,BKN,26,6.3333,219,Cincinnati,USA,2020,3,70,31,11.1,1.8,0.9,-12.3,2.1,8.3,23,57.6,7.8
Serge Ibaka,OKC,26,6.8333,245,None,Congo,2008,1,24,78,12.6,6.8,0.8,9.9,6.5,16,17.6,53.3,3.7
Sergey Karasev,BKN,22,6.5833,208,None,Russia,2013,1,19,40,2.4,1.5,0.9,1,2.4,15,12,56.2,11.4
Seth Curry,SAC,25,6.1666,185,Duke,USA,2020,3,70,44,6.8,1.4,1.5,-3.7,1.4,8.1,17.6,60.3,14.8
Shabazz Muhammad,MIN,23,6.5,223,UCLA,USA,2013,1,14,82,10.5,3.3,0.6,-6.6,7.1,11.7,22.9,54.8,5.5
Shabazz Napier,ORL,24,6.0833,175,Connecticut,USA,2014,1,24,55,3.7,1,1.8,-5.2,1.6,8.7,20.2,46,25.3
Shane Larkin,BKN,23,5.9166,175,Miami (FL),USA,2013,1,18,78,7.3,2.3,4.4,-9.6,1.8,10.4,17.5,51.5,30
Shaun Livingston,GSW,30,6.5833,192,None,USA,2004,1,4,78,6.3,2.2,3,8.5,3.2,8.9,14.5,58.1,22.2
Shayne Whittington,IND,25,6.9166,250,Western Michigan,USA,2020,3,70,7,1.6,1.7,0.4,-8.4,11.6,19.4,18.2,46.3,12
Shelvin Mack,UTA,26,6.25,203,Butler,USA,2011,2,34,52,8.6,2.5,3.6,3.6,1.4,12.5,23.4,50.7,29.2
Solomon Hill,IND,25,6.5833,225,Arizona,USA,2013,1,23,59,4.2,2.8,1,4.2,4.9,15.6,13.1,54.3,9.3
Sonny Weems,PHX,29,6.5,205,Arkansas,USA,2008,2,39,43,2.5,1.2,1.1,-10.7,1.4,10.9,13.2,45.9,14.8
Spencer Dinwiddie,CHI,23,6.5,200,Colorado,USA,2014,2,38,12,4.8,1.4,1.8,-17,2.5,9.4,21.3,42.3,29.7
Spencer Hawes,CHA,28,7.0833,245,Washington,USA,2007,1,10,57,6,4.3,1.9,2.1,5.3,20.1,17.1,50.8,17.1
Stanley Johnson,DET,20,6.5833,245,Arizona,USA,2015,1,8,73,8.1,4.2,1.6,-3.8,3.6,16.4,19.6,46,11.3
Stephen Curry,GSW,28,6.25,190,Davidson,USA,2009,1,7,79,30.1,5.4,6.7,18.3,2.9,13.1,32,66.9,31.5
Steve Blake,DET,36,6.25,172,Maryland,USA,2003,2,38,58,4.4,1.5,3.4,-3.7,1,9.2,14.8,51,31.1
Steve Novak,MIL,33,6.8333,225,Marquette,USA,2006,2,32,10,2.4,0.5,0,5.1,0,10.2,18,65.1,0
Steven Adams,OKC,22,7,255,Pittsburgh,New Zealand,2013,1,12,80,8,6.7,0.8,11.1,12.4,15.8,12.7,62.1,4.2
TJ McConnell,PHI,24,6.1666,200,Arizona,USA,2020,3,70,81,6.1,3.1,4.5,-7.9,2.9,15.4,17.1,51.1,36
TJ Warren,PHX,22,6.6666,230,North Carolina State,USA,2014,1,14,47,11,3.1,0.9,-7.2,5.7,10,19.8,54.9,6.8
Taj Gibson,CHI,31,6.75,225,Southern California,USA,2009,1,26,73,8.6,6.9,1.5,-2.6,11.6,15.5,14.8,55.6,8.3
Tarik Black,LAL,24,6.75,250,Kansas,USA,2020,3,70,39,3.4,4,0.4,0.7,10,25.7,13,53.7,5.3
Tayshaun Prince,MIN,36,6.75,212,Kentucky,USA,2002,1,23,77,2.9,1.9,1,-1.9,2.5,8.9,8.3,46.6,7.3
Terrence Jones,HOU,24,6.75,252,Kentucky,USA,2012,1,18,50,8.7,4.2,0.8,-10.5,6.4,16.6,19.5,51.9,6.9
Terrence Ross,TOR,25,6.5833,195,Washington,USA,2012,1,8,73,9.9,2.5,0.8,5.7,1.4,10.4,18.3,55.1,5.3
Terry Rozier,BOS,22,6.1666,190,Louisville,USA,2015,1,16,39,1.8,1.6,0.9,-6.6,7.1,13.4,17.6,32.6,19.9
Thabo Sefolosha,ATL,32,6.5833,220,None,Switzerland,2006,1,13,75,6.4,4.5,1.4,3.1,3.4,17.1,12.5,57.9,9.3
Thaddeus Young,BKN,28,6.6666,221,Georgia Tech,USA,2007,1,12,73,15.1,9,1.9,-4.4,8.3,22.7,21.9,53.3,9.4
Thanasis Antetokounmpo,NYK,23,6.5833,205,None,Greece,2014,2,51,2,3,0.5,0,-26.1,0,12.5,28.8,75,0
Thomas Robinson,BKN,25,6.8333,237,Kansas,USA,2012,1,5,71,4.3,5.1,0.6,-13.9,15.2,29.3,19.2,45.3,8
Tiago Splitter,ATL,31,6.9166,245,None,Brazil,2007,1,28,36,5.6,3.3,0.8,9.3,9,14.5,15.4,57.1,7.7
Tibor Pleiss,UTA,26,7.25,256,None,Germany,2010,2,31,12,2,1.3,0.2,-6,9.5,13.4,19.9,46.4,4.3
Tim Duncan,SAS,40,6.9166,250,Wake Forest,U.S. Virgin Islands,1997,1,1,61,8.6,7.3,2.7,13.7,8.7,23.4,17.4,52.3,15.3
Tim Frazier,NOP,25,6.0833,170,None,USA,2020,3,70,51,5.1,2.2,3.2,-0.5,3.9,12.6,19.8,49.9,33.9
Tim Hardaway Jr.,ATL,24,6.5,205,Michigan,USA,2013,1,24,51,6.4,1.7,1,6.1,0.9,9.7,16.4,56.3,8.9
Timofey Mozgov,CLE,29,7.0833,275,None,Russia,2020,3,70,76,6.3,4.4,0.4,0.8,9.7,18.7,16.5,59.3,3.9
Tobias Harris,DET,23,6.75,235,Tennessee,USA,2011,1,19,76,14.7,6.7,2.2,-0.5,4.2,18.4,19.5,56,10.6
Toney Douglas,NOP,30,6.1666,195,Florida State,USA,2009,1,29,61,8.7,2.3,2.6,-4.8,2,11.1,19.2,54.3,18.8
Tony Allen,MEM,34,6.3333,213,Oklahoma State,USA,2004,1,25,64,8.4,4.6,1.1,-1.4,7.1,14.3,17,50.5,6.8
Tony Parker,SAS,34,6.1666,185,None,France,2001,1,28,72,11.9,2.4,5.3,10.6,1,8.9,21.4,54.6,29.4
Tony Snell,CHI,24,6.5833,200,New Mexico,USA,2013,1,20,64,5.3,3.1,1,4.5,1.6,13.2,13.7,47.8,7
Tony Wroten,NYK,23,6.5,205,Washington,USA,2012,1,25,8,8.4,2.6,2.5,-24.2,1.5,14.1,32,41.2,27.4
Trevor Ariza,HOU,31,6.6666,215,UCLA,USA,2004,2,43,81,12.7,4.5,2.3,0.4,2.6,11.9,15.8,55.1,10
Trevor Booker,UTA,28,6.6666,228,Clemson,USA,2010,1,23,79,5.9,5.7,1.1,1.6,11.9,20.2,14.4,53.3,8.3
Trey Burke,UTA,23,6.0833,191,Michigan,USA,2013,1,9,64,10.6,1.8,2.3,-2,1.5,8,24.7,50.7,20.1
Trey Lyles,UTA,20,6.8333,234,Kentucky,Canada,2015,1,12,80,6.1,3.7,0.7,-0.9,4.8,20.3,18.3,51.7,7.2
Tristan Thompson,CLE,25,6.75,238,Texas,Canada,2011,1,4,82,7.8,9,0.8,7.9,13.3,23.3,11.6,61.1,4
Troy Daniels,CHA,24,6.3333,205,Virginia Commonwealth,USA,2020,3,70,43,5.6,1.3,0.5,-2.4,1.6,11.9,20.2,63.4,8.3
Ty Lawson,IND,28,5.9166,195,North Carolina,USA,2009,1,18,66,5.7,1.8,3.6,-6.2,1.9,7.2,14.7,47.6,25.1
Tyler Ennis,MIL,21,6.25,194,Syracuse,Canada,2014,1,18,46,4.5,1.6,2.1,-5.5,2.3,10.8,17.3,51,22.5
Tyler Hansbrough,CHA,30,6.75,250,North Carolina,USA,2009,1,13,44,2.4,2,0.2,-1.2,11.9,17.4,14.6,52.2,3.8
Tyler Johnson,MIA,24,6.3333,186,Fresno State,USA,2020,3,70,36,8.7,3,2.2,2.4,3.8,10.4,17.2,57.9,15.1
Tyler Zeller,BOS,26,7,253,North Carolina,USA,2012,1,17,60,6.1,3,0.5,-3.4,9.1,16.8,23,53.9,7.3
Tyreke Evans,NOP,26,6.5,220,Memphis,USA,2009,1,4,25,15.2,5.2,6.6,-0.9,2.9,15.9,25.4,53.4,36.6
Tyson Chandler,PHX,33,7.0833,240,None,USA,2001,1,2,66,7.2,8.7,1,-12.6,11.6,27.2,12.8,60.6,6.4
Tyus Jones,MIN,20,6.1666,195,Duke,USA,2015,1,24,37,4.2,1.3,2.9,-10,1.4,8.3,15.9,45,27.8
Udonis Haslem,MIA,36,6.6666,235,Florida,USA,2020,3,70,37,1.6,2,0.4,0,5,30.1,13.6,43.2,8
Victor Oladipo,ORL,24,6.3333,210,Indiana,USA,2013,1,2,72,16,4.8,3.9,-0.6,2.2,13.5,22.8,53.4,18.2
Vince Carter,MEM,39,6.5,220,North Carolina,USA,1998,1,5,60,6.6,2.4,0.9,-3,3.3,13.2,18.1,52,8.9
Walter Tavares,ATL,24,7.25,260,None,Cape Verde,2020,3,70,11,2.3,1.9,0.3,-3.1,13.2,22.2,16.8,55.5,5.5
Wayne Ellington,BKN,28,6.3333,200,North Carolina,USA,2009,1,28,76,7.7,2.3,1.1,-10.6,1.3,10.7,17.6,49.8,8.2
Wesley Johnson,LAC,28,6.5833,215,Syracuse,USA,2010,1,4,80,6.9,3.1,0.6,3.3,2.4,13.7,15.7,51.3,4.5
Wesley Matthews,DAL,29,6.4166,220,Marquette,USA,2020,3,70,78,12.5,3.1,1.9,2.7,1.1,8.9,17.4,53.2,8.8
Will Barton,DEN,25,6.5,175,Memphis,USA,2012,2,40,82,14.4,5.8,2.5,-3.5,2.8,20.2,23.1,53.5,14.7
Willie Cauley-Stein,SAC,22,7,240,Kentucky,USA,2015,1,6,66,7,5.3,0.6,-2.7,10.5,16.6,13.3,58.8,3.8
Willie Reed,BKN,26,6.8333,220,Saint Louis,USA,2020,3,70,39,4.7,3.1,0.3,-7.9,13.2,20.6,18,57.9,3.9
Xavier Munford,MEM,24,6.25,180,Rhode Island,USA,2020,3,70,14,5.7,2.2,1.6,-9.5,1.3,14.4,17.2,48.1,13.6
Zach LaVine,MIN,21,6.4166,189,UCLA,USA,2014,1,13,82,14,2.8,3.1,-5.5,1.4,10,23.3,54.8,18.7
Zach Randolph,MEM,34,6.75,260,Michigan State,USA,2001,1,19,68,15.3,7.8,2.1,-2,10,21,24.7,51.9,12.5
Zaza Pachulia,DAL,32,6.9166,275,None,Georgia,2003,2,42,76,8.6,9.4,1.7,0.9,13.7,26.2,16.4,55,10.1
